{
    "entity_types": [
        "Date",
        "Number",
        "Text",
        "\u4e66\u7c4d",
        "\u4eba\u7269",
        "\u4f01\u4e1a",
        "\u4f5c\u54c1",
        "\u51fa\u7248\u793e",
        "\u5386\u53f2\u4eba\u7269",
        "\u56fd\u5bb6",
        "\u56fe\u4e66\u4f5c\u54c1",
        "\u5730\u70b9",
        "\u57ce\u5e02",
        "\u5b66\u6821",
        "\u5b66\u79d1\u4e13\u4e1a",
        "\u5f71\u89c6\u4f5c\u54c1",
        "\u666f\u70b9",
        "\u673a\u6784",
        "\u6b4c\u66f2",
        "\u6c14\u5019",
        "\u751f\u7269",
        "\u7535\u89c6\u7efc\u827a",
        "\u76ee",
        "\u7f51\u7ad9",
        "\u7f51\u7edc\u5c0f\u8bf4",
        "\u884c\u653f\u533a",
        "\u8bed\u8a00",
        "\u97f3\u4e50\u4e13\u8f91"
    ],
    "ent2id": {
        "O": 0,
        "B-Date": 1,
        "I-Date": 2,
        "B-Number": 3,
        "I-Number": 4,
        "B-Text": 5,
        "I-Text": 6,
        "B-\u4e66\u7c4d": 7,
        "I-\u4e66\u7c4d": 8,
        "B-\u4eba\u7269": 9,
        "I-\u4eba\u7269": 10,
        "B-\u4f01\u4e1a": 11,
        "I-\u4f01\u4e1a": 12,
        "B-\u4f5c\u54c1": 13,
        "I-\u4f5c\u54c1": 14,
        "B-\u51fa\u7248\u793e": 15,
        "I-\u51fa\u7248\u793e": 16,
        "B-\u5386\u53f2\u4eba\u7269": 17,
        "I-\u5386\u53f2\u4eba\u7269": 18,
        "B-\u56fd\u5bb6": 19,
        "I-\u56fd\u5bb6": 20,
        "B-\u56fe\u4e66\u4f5c\u54c1": 21,
        "I-\u56fe\u4e66\u4f5c\u54c1": 22,
        "B-\u5730\u70b9": 23,
        "I-\u5730\u70b9": 24,
        "B-\u57ce\u5e02": 25,
        "I-\u57ce\u5e02": 26,
        "B-\u5b66\u6821": 27,
        "I-\u5b66\u6821": 28,
        "B-\u5b66\u79d1\u4e13\u4e1a": 29,
        "I-\u5b66\u79d1\u4e13\u4e1a": 30,
        "B-\u5f71\u89c6\u4f5c\u54c1": 31,
        "I-\u5f71\u89c6\u4f5c\u54c1": 32,
        "B-\u666f\u70b9": 33,
        "I-\u666f\u70b9": 34,
        "B-\u673a\u6784": 35,
        "I-\u673a\u6784": 36,
        "B-\u6b4c\u66f2": 37,
        "I-\u6b4c\u66f2": 38,
        "B-\u6c14\u5019": 39,
        "I-\u6c14\u5019": 40,
        "B-\u751f\u7269": 41,
        "I-\u751f\u7269": 42,
        "B-\u7535\u89c6\u7efc\u827a": 43,
        "I-\u7535\u89c6\u7efc\u827a": 44,
        "B-\u76ee": 45,
        "I-\u76ee": 46,
        "B-\u7f51\u7ad9": 47,
        "I-\u7f51\u7ad9": 48,
        "B-\u7f51\u7edc\u5c0f\u8bf4": 49,
        "I-\u7f51\u7edc\u5c0f\u8bf4": 50,
        "B-\u884c\u653f\u533a": 51,
        "I-\u884c\u653f\u533a": 52,
        "B-\u8bed\u8a00": 53,
        "I-\u8bed\u8a00": 54,
        "B-\u97f3\u4e50\u4e13\u8f91": 55,
        "I-\u97f3\u4e50\u4e13\u8f91": 56
    },
    "relation_types": [
        "\u4e08\u592b",
        "\u4e0a\u6620\u65f6\u95f4",
        "\u4e13\u4e1a\u4ee3\u7801",
        "\u4e3b\u6301\u4eba",
        "\u4e3b\u6f14",
        "\u4e3b\u89d2",
        "\u4eba\u53e3\u6570\u91cf",
        "\u4f5c\u66f2",
        "\u4f5c\u8005",
        "\u4f5c\u8bcd",
        "\u4fee\u4e1a\u5e74\u9650",
        "\u51fa\u54c1\u516c\u53f8",
        "\u51fa\u7248\u793e",
        "\u51fa\u751f\u5730",
        "\u51fa\u751f\u65e5\u671f",
        "\u521b\u59cb\u4eba",
        "\u5236\u7247\u4eba",
        "\u5360\u5730\u9762\u79ef",
        "\u53f7",
        "\u5609\u5bbe",
        "\u56fd\u7c4d",
        "\u59bb\u5b50",
        "\u5b57",
        "\u5b98\u65b9\u8bed\u8a00",
        "\u5bfc\u6f14",
        "\u603b\u90e8\u5730\u70b9",
        "\u6210\u7acb\u65e5\u671f",
        "\u6240\u5728\u57ce\u5e02",
        "\u6240\u5c5e\u4e13\u8f91",
        "\u6539\u7f16\u81ea",
        "\u671d\u4ee3",
        "\u6b4c\u624b",
        "\u6bcd\u4eb2",
        "\u6bd5\u4e1a\u9662\u6821",
        "\u6c11\u65cf",
        "\u6c14\u5019",
        "\u6ce8\u518c\u8d44\u672c",
        "\u6d77\u62d4",
        "\u7236\u4eb2",
        "\u76ee",
        "\u7956\u7c4d",
        "\u7b80\u79f0",
        "\u7f16\u5267",
        "\u8463\u4e8b\u957f",
        "\u8eab\u9ad8",
        "\u8fde\u8f7d\u7f51\u7ad9",
        "\u90ae\u653f\u7f16\u7801",
        "\u9762\u79ef",
        "\u9996\u90fd"
    ],
    "rel2id": {
        "O": 0,
        "\u4e08\u592b": 1,
        "\u4e0a\u6620\u65f6\u95f4": 2,
        "\u4e13\u4e1a\u4ee3\u7801": 3,
        "\u4e3b\u6301\u4eba": 4,
        "\u4e3b\u6f14": 5,
        "\u4e3b\u89d2": 6,
        "\u4eba\u53e3\u6570\u91cf": 7,
        "\u4f5c\u66f2": 8,
        "\u4f5c\u8005": 9,
        "\u4f5c\u8bcd": 10,
        "\u4fee\u4e1a\u5e74\u9650": 11,
        "\u51fa\u54c1\u516c\u53f8": 12,
        "\u51fa\u7248\u793e": 13,
        "\u51fa\u751f\u5730": 14,
        "\u51fa\u751f\u65e5\u671f": 15,
        "\u521b\u59cb\u4eba": 16,
        "\u5236\u7247\u4eba": 17,
        "\u5360\u5730\u9762\u79ef": 18,
        "\u53f7": 19,
        "\u5609\u5bbe": 20,
        "\u56fd\u7c4d": 21,
        "\u59bb\u5b50": 22,
        "\u5b57": 23,
        "\u5b98\u65b9\u8bed\u8a00": 24,
        "\u5bfc\u6f14": 25,
        "\u603b\u90e8\u5730\u70b9": 26,
        "\u6210\u7acb\u65e5\u671f": 27,
        "\u6240\u5728\u57ce\u5e02": 28,
        "\u6240\u5c5e\u4e13\u8f91": 29,
        "\u6539\u7f16\u81ea": 30,
        "\u671d\u4ee3": 31,
        "\u6b4c\u624b": 32,
        "\u6bcd\u4eb2": 33,
        "\u6bd5\u4e1a\u9662\u6821": 34,
        "\u6c11\u65cf": 35,
        "\u6c14\u5019": 36,
        "\u6ce8\u518c\u8d44\u672c": 37,
        "\u6d77\u62d4": 38,
        "\u7236\u4eb2": 39,
        "\u76ee": 40,
        "\u7956\u7c4d": 41,
        "\u7b80\u79f0": 42,
        "\u7f16\u5267": 43,
        "\u8463\u4e8b\u957f": 44,
        "\u8eab\u9ad8": 45,
        "\u8fde\u8f7d\u7f51\u7ad9": 46,
        "\u90ae\u653f\u7f16\u7801": 47,
        "\u9762\u79ef": 48,
        "\u9996\u90fd": 49
    }
}